{
  "project_info": {
    "project_number": "399707726651",
    "firebase_url": "https://remembar-app-default-rtdb.europe-west1.firebasedatabase.app",
    "project_id": "remembar-app",
    "storage_bucket": "remembar-app.appspot.com"
  },
  "client": [
    {
      "client_info": {
        "mobilesdk_app_id": "1:399707726651:android:c622dac6ce41d2a6dfcd1e",
        "android_client_info": {
          "package_name": "com.example.remembar"
        }
      },
      "oauth_client": [],
      "api_key": [
        {
          "current_key": "AIzaSyCFd0ggST8TvRQJ4i7BKFF-0pDHkgY_bEM"
        }
      ],
      "services": {
        "appinvite_service": {
          "other_platform_oauth_client": []
        }
      }
    }
  ],
  "configuration_version": "1"
}